[
  {
    "name": "as",
    "address": "a street",
    "food": {
       "name": "adasdaa",
       "price": 4.5
    },
    "food": {
      "name": "as111s",
      "price": 1.3
    }
  },

  {
    "name": "rtsdsd",
    "address": "b street",
    "food": {
      "name": "asaqqq",
      "price": 6.7
    },
    "food": {
      "name": "ksosd",
      "price": 5.7
    }
  },

  {
    "name": "tioskd",
    "address": "c street",
    "food": {
      "name": "asasprr",
      "price": 8.9
    },
    "food": {
      "name": "jtiymsd",
      "price": 13
    }
  }

]